group,subject_id,AOI_0_FixationCount,AOI_0_TotalDuration,AOI_0_MeanDwellTime,AOI_1_FixationCount,AOI_1_TotalDuration,AOI_1_MeanDwellTime,AOI_2_FixationCount,AOI_2_TotalDuration,AOI_2_MeanDwellTime,AOI_3_FixationCount,AOI_3_TotalDuration,AOI_3_MeanDwellTime,AOI_4_FixationCount,AOI_4_TotalDuration,AOI_4_MeanDwellTime,AOI_5_FixationCount,AOI_5_TotalDuration,AOI_5_MeanDwellTime,AOI_6_FixationCount,AOI_6_TotalDuration,AOI_6_MeanDwellTime,AOI_7_FixationCount,AOI_7_TotalDuration,AOI_7_MeanDwellTime,AOI_8_FixationCount,AOI_8_TotalDuration,AOI_8_MeanDwellTime,AOI_9_FixationCount,AOI_9_TotalDuration,AOI_9_MeanDwellTime,None_FixationCount,None_TotalDuration,None_MeanDwellTime
ASD,6.0,7.153846153846154,1842.3076923076924,267.5577838827839,3.3076923076923075,1142.3076923076924,305.56465201465204,1.0,128.07692307692307,44.646153846153844,0.8461538461538461,165.92307692307693,72.5,0.23076923076923078,9.538461538461538,9.538461538461538,0.15384615384615385,24.307692307692307,24.307692307692307,0.15384615384615385,63.46153846153846,31.73076923076923,0.15384615384615385,5.769230769230769,5.769230769230769,0.0,0.0,0.0,0.23076923076923078,25.0,21.807692307692307,0.0,0.0,0.0
TD,6.5,7.0,2129.3571428571427,322.00805246340957,1.6428571428571428,453.35714285714283,248.47619047619045,0.0,0.0,0.0,0.5714285714285714,168.21428571428572,149.78571428571428,0.2857142857142857,120.14285714285714,120.14285714285714,0.2857142857142857,78.5,66.57142857142857,0.0,0.0,0.0,0.0,0.0,0.0,0.07142857142857142,20.785714285714285,20.785714285714285,0.14285714285714285,62.42857142857143,31.214285714285715,0.0,0.0,0.0
