group,subject_id,AOI_0_FixationCount,AOI_0_TotalDuration,AOI_0_MeanDwellTime,AOI_1_FixationCount,AOI_1_TotalDuration,AOI_1_MeanDwellTime,AOI_2_FixationCount,AOI_2_TotalDuration,AOI_2_MeanDwellTime,AOI_3_FixationCount,AOI_3_TotalDuration,AOI_3_MeanDwellTime,AOI_4_FixationCount,AOI_4_TotalDuration,AOI_4_MeanDwellTime,None_FixationCount,None_TotalDuration,None_MeanDwellTime
ASD,6.0,8.153846153846153,2504.230769230769,297.07876012876017,0.46153846153846156,205.53846153846155,176.1153846153846,0.15384615384615385,73.6923076923077,73.6923076923077,0.15384615384615385,26.923076923076923,26.923076923076923,0.15384615384615385,26.846153846153847,26.846153846153847,4.153846153846154,569.4615384615385,141.61388888888888
TD,6.5,7.714285714285714,2488.1428571428573,334.0156484388627,0.21428571428571427,61.285714285714285,61.285714285714285,0.07142857142857142,14.285714285714286,14.285714285714286,0.0,0.0,0.0,0.0,0.0,0.0,2.0,469.07142857142856,216.02142857142857
