group,subject_id,AOI_0_FixationCount,AOI_0_TotalDuration,AOI_0_MeanDwellTime,AOI_1_FixationCount,AOI_1_TotalDuration,AOI_1_MeanDwellTime,AOI_2_FixationCount,AOI_2_TotalDuration,AOI_2_MeanDwellTime,AOI_3_FixationCount,AOI_3_TotalDuration,AOI_3_MeanDwellTime,AOI_4_FixationCount,AOI_4_TotalDuration,AOI_4_MeanDwellTime,None_FixationCount,None_TotalDuration,None_MeanDwellTime
ASD,6.0,3.3076923076923075,1027.923076923077,333.8974358974359,0.6153846153846154,128.76923076923077,77.74358974358975,0.3076923076923077,47.38461538461539,34.26923076923077,0.23076923076923078,26.23076923076923,8.743589743589745,0.07692307692307693,5.769230769230769,5.769230769230769,8.692307692307692,2170.6153846153848,267.21818822203437
TD,6.5,2.5,882.2857142857143,360.8559523809524,0.21428571428571427,36.785714285714285,36.214285714285715,0.07142857142857142,14.857142857142858,14.857142857142858,0.0,0.0,0.0,0.07142857142857142,18.428571428571427,18.428571428571427,7.142857142857143,2080.4285714285716,308.8615800865801
